<?xml version='1.0' encoding='utf-8'?>
<!DOCTYPE hibernate-configuration PUBLIC
        "-//Hibernate/Hibernate Configuration DTD 3.0//EN"
        "http://hibernate.sourceforge.net/hibernate-configuration-3.0.dtd">

<hibernate-configuration>

    <session-factory>
    <property name="dialect">org.hibernate.dialect.MySQLDialect</property>
        <property name="connection.driver_class">com.mysql.jdbc.Driver</property>
        <property name="connection.url">jdbc:mysql://127.0.01:3306/mydb</property>
        <property name="connection.username">root</property>
        <property name="connection.password">Manoj@123</property>
        <property name="show_sql">true</property>

<mapping class="HibernateDemo.hibernate.Employee"/>

    </session-factory>

</hibernate-configuration>
  
  